R.WANG;A1;LAAS
J.DUCHENE;A2;LASS
L.MASSON;A3;LASS
J.M.Larr√©;A4;LASS
M.LI;A5;Exterieur
C.BERTERO;A6;LAAS
J.ROUX;A7;LASS
A.KRITIKAKOU;A8;Exterieur
P.ANDRE;A9;LASS
T.SOTIROPOULOS;A10;Exterieur
Y.A.PIGNOLET;A11;LAAS
E.LE MERRER;A12;Exterieur
A.CASTANEDA;A13;Exterieur
G.ROUDIERE;A14;Exterieur
K.CABRERA CASTILLOS;A15;LAAS
G.TREDAN;A16;LAAS
J.DROMARD;A17;Exterieur
A.M.OLTEANU;A18;Exterieur
M.STOICESCU;A19;Exterieur
M.MACHIN;A20;LASS
G.AVERLANT;A21;LASS
C.SAUVANAUD;A22;LASS
J.BARRIER;A23;Exterieur
C.AGUILAR-MELCHOR;A24;LASS
J.GUIOCHET;A25;LAAS
B.MORGAN;A26;LASS
M.O.KILLIJIAN;A27;Exterieur
U.M.AIVODJI;A28;Exterieur
R.PASQUA;A29;LAAS
P.ACCO;A30;LAAS
W.EXCOFFON;A31;Exterieur
A.PHAM;A32;Exterieur
B.AGIR;A33;LAAS
J.P.HUBAUX;A34;LAAS
J.ALCARAZ ORTEGA;A35;LAAS
M.AMY;A36;Exterieur
C.FAYOLLAS;A37;LAAS
G.AURIOL;A38;LASS
K.HUGUENIN;A39;LAAS
J.FRIGINAL;A40;LAAS
B.LUSSIER;A41;LAAS
J.C.FABRE;A42;LAAS
A.ZAMMALI;A43;LAAS
M.LAUER;A44;LAAS
V.SHUKLA;A45;Exterieur
I.BILOGREVIC;A46;LAAS
I.STUDNIA;A47;Exterieur
G.DA SILVA SILVESTRE;A48;Exterieur
T.PROBST;A49;Exterieur
M.KAANICHE;A50;LAAS
H.MARTORELL;A51;LAAS
Y.BACHY;A52;LAAS
J.H.COLLET;A53;LAAS
M.TRAORE;A54;LAAS
M.HUMBERT;A55;LAAS
K.KANOUN;A56;LAAS
L.PINTARD;A57;LASS
A.GUDUVAN;A58;Exterieur
Q.A.DO HOANG;A59;Exterieur
H.CASANOVA;A60;LAAS
 J.GUIOCHET;A61;LAAS
 C.LE GUERNIC;A62;LAAS
 K.CABRERA CASTILLOS;A63;LAAS
 G.ZHU;A64;Exterieur
 M.ROY;A65;LAAS
 E.ALATA;A66;LAAS
 T.MARTY;A67;Exterieur
 N.RIVIERE;A68;LAAS
 H.WAESELYNCK;A69;LAAS
 G.TREDAN;A70;LAAS
 Y.MOSES;A71;Exterieur
V.NICOMETTE;A72;LAAS
 F.INGRAND;A73;Exterieur
D.POWELL;A74;Exterieur
 J.P.BLANQUART;A75;Exterieur
 M.TORNGREN;A76;Exterieur
 S.CASSEL;A77;Exterieur
G.MOTET;A78;Exterieur
 W.SCHON;A79;Exterieur
 Y.SAVARIA;A80;Exterieur
 P.OWEZARSKI;A81;Exterieur
 R.SHOKRI;A82;Exterieur
 L.FOUSSE;A83;Exterieur
 M.JADLIWALA;A84;Exterieur
 M.GAZAKI;A85;Exterieur
