Tolérance aux fautes et Sûreté de Fonctionnement Informatique;TSF;1;17
Vérification de Systèmes Temporisés CritiqueS;VERTICS;18;22
Ingénierie Système et Intégration;ISI;23;29
Services et Architectures pour les Réseaux Avancés;SARA;30;48
Calcul Distribué et Asynchronisme;CDA;49;52
Mouvement des Systèmes Anthropomorphes;GEPETTO;53;60
Robotique, Action et Perception;RAP;61;70
Robotique et InteractionS;RIS;71;78
DIagnostic, Supervision et Conduite;DISCO;79;91
Méthodes et Algorithmes de Commande;MAC;92;109
Recherche Opérationnelle, Optimisation Combinatoire et Contraintes;ROC;110;119
MIcro et Nanosystèmes pour les Communications sans fil;MINIC;120;123
Microondes et Opto-microondes pour Systèmes de Télécommunications;MOST;124;130
Optoélectronique pour les Systèmes Embarqués;OSE;131;139
Photonique;PHOTO;140;146
Modélisation Multi-niveaux des Matériaux;M3;147;149
Micro-Nanofluidique pour les sciences de la vie et de l’environnement;MILE;150;154
Instrumentation embarquée et systèmes de surveillance intelligents;S4M;155;161
Ingénierie pour les sciences du vivant;ELiA;162;168
Microsystèmes électromécaniques;MEMS;169;174
Microsystèmes d'Analyse;MICA;175;183
Matériaux et Procédés pour la Nanoélectronique;MPN;184;188
Micro et nanosystèmes HyperFréquences Fluidiques;MH2F;189;190
Énergie et systèmes embarqués;ESE;191;198
Intégration de Systèmes de Gestion de l'Energie;ISGE;199;211
Nano-ingénierie et intégration des oxydes métalliques et de leurs interfaces;NEO;212;216
